{
    "depth-prepass": true,
    "msaa": false,
    "post-processing": {
        "asset-id": 1759687253,
        "name": "Post Processing"
    },
    "resolution": {
        "height": 991,
        "use-desktop": true,
        "width": 1920
    },
    "shader-program": {
        "asset-id": 0,
        "name": ""
    },
    "shadow-maps-multipliers": [
        1.0,
        5.0,
        20.0,
        60.0
    ],
    "shadow-resolution": {
        "height": 2048,
        "width": 2048
    }
}