{
    "counters": {
        "loaded-the-project": 84,
        "saved-the-project": 1262,
        "started-the-game": 1
    },
    "load-dates": [
        "Sun Oct  5 14:56:26 2025\n",
        "Mon Oct  6 07:51:21 2025\n",
        "Mon Oct  6 10:26:28 2025\n",
        "Mon Oct  6 11:37:29 2025\n",
        "Mon Oct  6 13:16:58 2025\n",
        "Mon Oct  6 17:26:43 2025\n",
        "Tue Oct  7 07:36:44 2025\n",
        "Tue Oct  7 20:06:07 2025\n",
        "Wed Oct  8 08:20:15 2025\n",
        "Wed Oct  8 08:49:05 2025\n",
        "Wed Oct  8 08:51:59 2025\n",
        "Wed Oct  8 11:47:23 2025\n",
        "Wed Oct  8 11:49:42 2025\n",
        "Wed Oct  8 17:41:00 2025\n",
        "Thu Oct  9 08:31:41 2025\n",
        "Thu Oct  9 18:58:08 2025\n",
        "Fri Oct 10 08:00:23 2025\n",
        "Fri Oct 10 10:40:37 2025\n",
        "Fri Oct 10 16:29:52 2025\n",
        "Fri Oct 10 16:47:54 2025\n",
        "Sat Oct 11 08:23:01 2025\n",
        "Sat Oct 11 09:02:30 2025\n",
        "Sat Oct 11 17:57:36 2025\n",
        "Sun Oct 12 09:40:11 2025\n",
        "Sun Oct 12 10:09:32 2025\n",
        "Sun Oct 12 17:23:23 2025\n",
        "Mon Oct 13 09:16:40 2025\n",
        "Mon Oct 13 11:54:44 2025\n",
        "Mon Oct 13 13:21:10 2025\n",
        "Mon Oct 13 13:26:05 2025\n",
        "Mon Oct 13 13:26:49 2025\n",
        "Mon Oct 13 13:32:44 2025\n",
        "Mon Oct 13 13:33:06 2025\n",
        "Mon Oct 13 13:33:45 2025\n",
        "Mon Oct 13 13:39:44 2025\n",
        "Mon Oct 13 13:47:16 2025\n",
        "Mon Oct 13 13:47:54 2025\n",
        "Mon Oct 13 13:48:19 2025\n",
        "Mon Oct 13 13:49:43 2025\n",
        "Mon Oct 13 13:50:07 2025\n",
        "Mon Oct 13 13:51:31 2025\n",
        "Mon Oct 27 15:07:56 2025\n",
        "Mon Oct 27 15:08:43 2025\n",
        "Mon Oct 27 16:31:18 2025\n",
        "Tue Oct 28 08:45:22 2025\n",
        "Tue Oct 28 08:51:52 2025\n",
        "Tue Oct 28 09:00:28 2025\n",
        "Tue Oct 28 09:00:48 2025\n",
        "Tue Oct 28 09:01:13 2025\n",
        "Tue Oct 28 09:03:06 2025\n",
        "Tue Oct 28 09:03:22 2025\n",
        "Tue Oct 28 09:07:30 2025\n",
        "Tue Oct 28 09:08:50 2025\n",
        "Tue Oct 28 09:22:24 2025\n",
        "Tue Oct 28 14:11:02 2025\n",
        "Tue Oct 28 14:17:05 2025\n",
        "Tue Oct 28 14:17:37 2025\n",
        "Tue Oct 28 14:17:48 2025\n",
        "Tue Oct 28 14:18:03 2025\n",
        "Tue Oct 28 14:18:24 2025\n",
        "Tue Oct 28 14:20:09 2025\n",
        "Tue Oct 28 14:20:24 2025\n",
        "Tue Oct 28 14:20:42 2025\n",
        "Tue Oct 28 14:21:04 2025\n",
        "Tue Oct 28 14:21:58 2025\n",
        "Tue Oct 28 14:23:03 2025\n",
        "Tue Oct 28 14:23:23 2025\n",
        "Tue Oct 28 14:23:54 2025\n",
        "Tue Oct 28 14:24:10 2025\n",
        "Tue Oct 28 14:24:24 2025\n",
        "Tue Oct 28 14:24:31 2025\n",
        "Tue Oct 28 14:24:54 2025\n",
        "Tue Oct 28 14:25:04 2025\n",
        "Tue Oct 28 14:25:20 2025\n",
        "Tue Oct 28 14:25:30 2025\n",
        "Tue Oct 28 14:25:37 2025\n",
        "Tue Oct 28 14:26:02 2025\n",
        "Tue Oct 28 14:26:12 2025\n",
        "Tue Oct 28 14:26:20 2025\n",
        "Tue Oct 28 14:26:38 2025\n",
        "Tue Oct 28 14:29:02 2025\n",
        "Tue Oct 28 14:29:22 2025\n",
        "Tue Oct 28 14:29:32 2025\n",
        "Tue Oct 28 14:29:42 2025\n"
    ],
    "time": {
        "in-editor": 160651.890625,
        "in-game": 10654.93359375
    }
}